<?xml version="1.0" encoding="UTF-8" ?>
<!DOCTYPE mapper
 PUBLIC "-//mybatis.org//DTD Mapper 3.0//EN"
 "http://mybatis.org/dtd/mybatis-3-mapper.dtd">
 
<mapper namespace="common.mapper.BoardMapper">
 	<select id="getTotalCount" resultType="_int">
 		select count(*) from jsp_board
 	</select>
 	<!-- [1] 게시판 글쓰기 
 	insert/update/delete문일 때는 parameterType을 지정한다.
 	select문일 때는  [parameterType], resultType[필수지정]을 지정한다
 	-->
 	<insert id="insertBoard" parameterType="board.model.BoardVO">
 		insert into jsp_board(idx,name,subject,content,readnum,wdate, filename, filesize)
 		values(jsp_board_seq.nextval, #{name}, #{subject}, #{content:VARCHAR}, 
 		0, sysdate, #{filename:VARCHAR}, #{filesize:NUMERIC})
 		<!-- #{name} ==> BoardVO의 getName()을 호출해서 해당 값을 '홍길동' 식으로 넣어줌 
 			content의 경우 null값이 들어오면 어떤 유형으로 처리할지  jdbcType을 기술해주자.
 			CHAR, VARCHAR2==> VARCHAR
 			NUMBER ==> NUMERIC
 		-->
 	</insert>
 	
 	<!-- [2] 글 목록 가져오기 -->
 	<select id="listBoard" resultType="Board">
 		select * from jsp_board order by idx desc
 	</select>
 	<!-- [3_1] 조회수 증가 -->
 	<update id="updateReadnum" parameterType="_int">
 		update jsp_board set readnum = readnum+1 where idx =#{value}
 	</update>
 	
 	<!-- [3_2] 글 내용 가져오기 -->
 	<select id="selectBoardByIdx" parameterType="_int" resultType="Board">
 		select * from jsp_board where idx =#{idx}
 	</select>
 	
 	<!-- [4] 글 삭제 -->
 	<delete id="deleteBoard" parameterType="_int">
 		delete from jsp_board where idx =#{value}
 	</delete>
 	
 	<!-- [5] 글 수정 -->
 	<update id="updateBoard" parameterType="Board">
 		update jsp_board set name=#{name}, subject=#{subject}, 
 		content=#{content:VARCHAR} 		
 		<!-- 첨부파일이 있다면 아래 sql문을 실행하라는 의미 -->
 		<if test="filename!=null and filename!=''">
 		, filename=#{filename}, filesize=#{filesize}
 		</if>
 		where idx =#{idx}
 	</update>
 	
</mapper>



