<?xml version="1.0" encoding="UTF-8"?>
<!DOCTYPE mapper PUBLIC "-//mybatis.org//DTD Mapper 3.0//EN" 
"http://mybatis.org/dtd/mybatis-3-mapper.dtd">

<mapper 
   namespace="com.myspring.memo.persistence.MemoMapper">
   <select id="getTotalCount" resultType="int">
   	select count(idx) from memo
   </select>
   
   <insert id="createMemo" parameterType="Memo">
   		<selectKey keyProperty="idx" resultType="int" order="BEFORE">
   			select memo_seq.nextval from dual
   		</selectKey>
   		insert into memo(idx, name, msg, wdate)
   		values(#{idx},#{name},#{msg:VARCHAR}, sysdate)
   </insert>
   <select id="listMemo" resultType="Memo" parameterType="map">
   select * from (
		select rownum rn, A.* from 
		( select  memo.* from memo order by idx desc ) A
		)
	where rn between #{start} and #{end}
   </select>

   
   <select id="listMemo_old" resultType="Memo">
   		select * from memo order by idx desc
   </select>
   
   <delete id="deleteMemo" parameterType="int">
   		delete from memo where idx=#{value}
   </delete>
   
   <select id="selectMemoByIdx" resultType="Memo" parameterType="int">
   		select * from memo where idx=#{idx}
   </select>
   
   <update id="updateMemo" parameterType="Memo">
   		update memo set name=#{name}, msg=#{msg:VARCHAR}
   		where idx=#{idx}
   </update>
</mapper>
   
   
   