<?xml version="1.0" encoding="UTF-8"?>
<!DOCTYPE mapper PUBLIC "-//mybatis.org//DTD Mapper 3.0//EN" 
"http://mybatis.org/dtd/mybatis-3-mapper.dtd">

<mapper 
   namespace="com.myspring.persistence.ProductMapper">
   <insert id="productInsert" parameterType="Product">
   		<selectKey keyProperty="pnum" resultType="int" order="BEFORE">
   			select product_seq.nextval from dual
   		</selectKey>
   		insert into product values(#{pnum},#{pname},#{pcompany}
   		,#{pimage1:VARCHAR},#{pimage2:VARCHAR},#{pimage3:VARCHAR}
   		,#{pqty},#{price},#{saleprice},#{pspec},#{pcontents},#{point}
   		, sysdate,#{cg_num})
   </insert>
   
   <sql id="all_column">
   		pnum, pname, pcompany, nvl(pimage1, 'noimage.png') pimage1
   		, nvl(pimage2, 'noimage.png') pimage2
   		, nvl(pimage3, 'noimage.png') pimage3
   		, pqty, price, saleprice, pspec,
   		pcontents, point, pindate, cg_num   		
   </sql>
   
   
   <select id="productList" resultType="Product">
   		select 
   		<include refid="all_column"/> 
   		from product order by pindate desc, pnum desc
   </select>
   
   <!-- pspec별로 상품목록 가져오기 -->
   <select id="selectByPspec" parameterType="string" resultType="Product">
   		select 
   		<include refid="all_column"/>  
   		from product where pspec=#{value} order by pnum desc
   </select>
   <!-- cg_num별로(카테고리별) 상품목록 가져오기 -->
   <select id="getProducts" parameterType="int" resultType="Product">
   		select * from product where cg_num=#{value}
   </select>
   
   <select id="selectByPnum" parameterType="int" resultType="Product">
   		select 
   		<include refid="all_column"/>  
   		from product where pnum=#{value}
   </select>
   
</mapper>
   