<?xml version="1.0" encoding="UTF-8"?>
<beans xmlns="http://www.springframework.org/schema/beans"
	xmlns:xsi="http://www.w3.org/2001/XMLSchema-instance"
	xmlns:context="http://www.springframework.org/schema/context"
	xmlns:mybatis-spring="http://mybatis.org/schema/mybatis-spring"
	xsi:schemaLocation="http://mybatis.org/schema/mybatis-spring http://mybatis.org/schema/mybatis-spring-1.2.xsd
		http://www.springframework.org/schema/beans http://www.springframework.org/schema/beans/spring-beans-4.3.xsd
		http://www.springframework.org/schema/context http://www.springframework.org/schema/context/spring-context-4.3.xsd">
	<!-- context네임스페이스 추가 -->
	<context:property-placeholder location="classpath:config/props/database.properties"/>
	
	<!--[1] DataSource빈 등록 -->
	<bean id="dataSource-oracle" class="org.apache.commons.dbcp2.BasicDataSource" destroy-method="close">
		<property name="driverClassName" value="${Global.DriverClassName}"/>
		<property name="url" value="${Global.Url}"/>
		<property name="username" value="${Global.Username}"/>
		<property name="password" value="${Global.Password}"/>
	</bean>
	
	<!-- [2] SqlSessionFactoryBean 등록 -->
	<bean id="sqlSessionFactoryBean" class="org.mybatis.spring.SqlSessionFactoryBean">
		<property name="dataSource" ref="dataSource-oracle"/>
		<property name="configLocation" value="classpath:config/mybatis/mybatis-config.xml"/>
	</bean>
	
	<!-- [3] SqlSessionTemplate빈 등록  -->
	<bean id="sqlSessionTemplate" class="org.mybatis.spring.SqlSessionTemplate">
		<constructor-arg ref="sqlSessionFactoryBean"/>
	</bean>
	
	<!-- [4] mybatis-spring:scan 설정 
			mybatis-spring 네임스페이스를 추가해야 한다.
			여기 설정된 패키지의 인터페이스들을 scan해서 해당 인터페이스를 구현한 객체(Proxy)를
			스프링이 대신 생성해준다.
	 -->
	<mybatis-spring:scan base-package="com.myspring.mapper"/>

</beans>


